,Article_Date,Sentiment_Score
0,2012-02-02,0.058063680838261335
1,2012-02-03,0.07473306198205266
2,2012-02-04,0.1571732461452484
3,2012-02-07,0.04036429151892662
4,2012-02-09,-0.18840249379475912
5,2012-02-13,-0.929577112197876
6,2012-02-14,-0.0017293710261583328
7,2012-02-15,-0.09588058292865753
8,2012-02-16,-0.8999468088150024
9,2012-02-17,0.3673388995230198
10,2012-02-21,0.44578054174780846
11,2012-02-22,-0.019932597875595093
12,2012-02-24,-0.20553197090824446
13,2012-02-27,0.5963533520698547
14,2012-02-28,0.3014965355396271
15,2012-02-29,0.05040163919329643
16,2012-03-01,0.6462885290384293
17,2012-03-02,0.013235548511147499
18,2012-03-05,0.45815978944301605
19,2012-03-07,-0.022777408361434937
20,2012-03-08,0.3615153543651104
21,2012-03-09,0.472224585711956
22,2012-03-11,0.7792441844940186
23,2012-03-12,-0.4035032272338867
24,2012-03-13,-0.28089044988155365
25,2012-03-15,0.14871777687221766
26,2012-03-16,-0.5882469713687897
27,2012-03-19,-0.4286203123629093
28,2012-03-20,-0.18809655401855707
29,2012-03-21,-0.07998573035001755
30,2012-03-22,-0.07010641694068909
31,2012-03-23,0.7792897522449493
32,2012-03-26,-0.28796815872192383
33,2012-03-27,-0.002209082245826721
34,2012-03-28,-0.550044097006321
35,2012-03-29,0.5138738652070364
36,2012-03-30,-0.04239778593182564
37,2012-04-03,-0.9006935358047485
38,2012-04-04,0.04253876954317093
39,2012-04-05,0.33211706671863794
40,2012-04-09,-0.007996949553489684
41,2012-04-10,0.4518203102052212
42,2012-04-12,0.1691648910442988
43,2012-04-13,0.0411188080906868
44,2012-04-14,0.07274977117776871
45,2012-04-16,0.2090170979499817
46,2012-04-18,0.1698659561574459
47,2012-04-19,0.2782130241394043
48,2012-04-20,0.58369380235672
49,2012-04-23,0.13558699483317987
50,2012-04-24,-0.9183248579502106
51,2012-04-25,-0.023246709257364273
52,2012-04-26,0.12597615271806717
53,2012-04-27,-0.6596768349409103
54,2012-04-30,0.44602131843566895
55,2012-05-01,0.37461029551923275
56,2012-05-02,-0.025262832641601562
57,2012-05-03,0.1569617547094822
58,2012-05-04,0.2211759416386485
59,2012-05-06,-0.13823917508125305
60,2012-05-07,0.24212784273549914
61,2012-05-09,0.3873199373483658
62,2012-05-10,-0.663412556052208
63,2012-05-11,0.10083486065268517
64,2012-05-14,0.23824271582998335
65,2012-05-15,0.14468043049176535
66,2012-05-16,0.3859701693058014
67,2012-05-17,0.19055335829034448
68,2012-05-18,-0.12493486363779414
69,2012-05-19,-0.9013974666595459
70,2012-05-20,0.4055021405220032
71,2012-05-21,-0.35428280228128034
72,2012-05-22,-0.32556872703135015
73,2012-05-23,-0.17285927943885326
74,2012-05-24,0.06947171315550804
75,2012-05-25,0.44816624745726585
76,2012-05-26,-0.9669756293296814
77,2012-05-27,0.047807060182094574
78,2012-05-28,-0.12056253850460052
79,2012-05-29,-0.07321510215600331
80,2012-05-30,0.3973614275455475
81,2012-05-31,-0.31680716276168824
82,2012-06-01,-0.052842365205287935
83,2012-06-02,-0.9210641384124756
84,2012-06-04,-0.1546748216663088
85,2012-06-05,-0.435421054251492
86,2012-06-06,0.21745404849449793
87,2012-06-08,-0.1807649793724219
88,2012-06-11,-0.06621602612237136
89,2012-06-12,-0.8129461109638214
90,2012-06-13,-0.2094995230436325
91,2012-06-14,0.04518429785966873
92,2012-06-15,-0.06266220808029174
93,2012-06-17,0.7002041339874268
94,2012-06-18,0.5012267611920833
95,2012-06-19,0.35318216122686863
96,2012-06-20,-0.19256006615857282
97,2012-06-21,0.13617466297000647
98,2012-06-22,0.42470595240592957
99,2012-06-24,0.01615234650671482
100,2012-06-25,0.06157602369785309
101,2012-06-26,0.4825722724199295
102,2012-06-27,0.2030934045712153
103,2012-06-28,-0.013054365913073221
104,2012-06-29,-0.4383348822593689
105,2012-07-02,-0.39394994359463453
106,2012-07-03,0.0842774969836076
107,2012-07-05,0.7473660111427307
108,2012-07-06,0.46847669035196304
109,2012-07-09,-0.28280249424278736
110,2012-07-10,-0.33890005946159363
111,2012-07-11,0.03924449533224106
112,2012-07-16,0.21908970922231674
113,2012-07-17,-0.3133047819137573
114,2012-07-18,-0.967287540435791
115,2012-07-19,-0.009938467293977737
116,2012-07-20,0.07041049003601074
117,2012-07-22,0.9194873571395874
118,2012-07-23,-0.9265080094337463
119,2012-07-25,-0.2825955847899119
120,2012-07-26,0.032043968637784324
121,2012-07-27,0.028157611687978108
122,2012-07-28,0.10467629134654999
123,2012-07-29,0.1834179013967514
124,2012-07-31,0.04095004995663961
125,2012-08-01,-0.14516829550266266
126,2012-08-02,-0.4076702371239662
127,2012-08-03,0.2651035115122795
128,2012-08-04,-0.44778674840927124
129,2012-08-06,-0.9700785279273987
130,2012-08-07,0.09521528333425522
131,2012-08-08,-0.2634979784488678
132,2012-08-10,0.3551922277547419
133,2012-08-13,-0.9126322269439697
134,2012-08-14,-0.11422301332155864
135,2012-08-15,-0.10381551211078961
136,2012-08-16,-0.4180395184084773
137,2012-08-17,-0.018907718360424042
138,2012-08-19,-0.4669028865173459
139,2012-08-20,0.5440605827607214
140,2012-08-21,0.09966753423213959
141,2012-08-22,0.4230847656726837
142,2012-08-23,0.16117947548627853
143,2012-08-24,-0.3167448043823242
144,2012-08-27,0.29761310666799545
145,2012-08-28,0.08875246345996857
146,2012-08-29,0.567155122756958
147,2012-08-30,0.8949281573295593
148,2012-08-31,0.004363268613815308
149,2012-09-04,-0.005115905404090881
150,2012-09-05,-0.7932965755462646
151,2012-09-06,-0.029607515782117844
152,2012-09-07,-0.09906522929668427
153,2012-09-11,-0.3194401543587446
154,2012-09-12,0.40345853567123413
155,2012-09-13,-0.5981483459472656
156,2012-09-14,0.2240244746208191
157,2012-09-17,0.16876083612442017
158,2012-09-18,0.20955602824687958
159,2012-09-19,0.9234653115272522
160,2012-09-20,0.5788653492927551
161,2012-09-21,0.10203567147254944
162,2012-09-22,0.21969130635261536
163,2012-09-24,-0.1725264847278595
164,2012-09-26,-0.5335935950279236
165,2012-09-27,-0.4504583366215229
166,2012-09-28,0.8870049715042114
167,2012-10-01,0.4081173315644264
168,2012-10-03,-0.3142533004283905
169,2012-10-04,0.33752335980534554
170,2012-10-05,-0.46183830002943677
171,2012-10-06,-0.15328539907932281
172,2012-10-08,-0.10482550660769145
173,2012-10-10,0.18804419562220573
174,2012-10-11,0.8490086793899536
175,2012-10-17,0.08716884255409241
176,2012-10-18,0.24096408486366272
177,2012-10-19,-0.22205881774425507
178,2012-10-20,0.032214149832725525
179,2012-10-22,-0.28181394437948865
180,2012-10-23,0.36964110045560766
181,2012-10-24,0.0012255034276417323
182,2012-10-25,0.7450897693634033
183,2012-10-26,0.5261359214782715
184,2012-10-28,-0.7628522515296936
185,2012-10-29,0.05181153491139412
186,2012-10-31,-0.16870690137147903
187,2012-11-01,-0.024517282843589783
188,2012-11-04,-0.29926392436027527
189,2012-11-05,-0.13909487426280975
190,2012-11-09,-0.9663729667663574
191,2012-11-13,0.34219830110669136
192,2012-11-14,0.020339877903461458
193,2012-11-15,-0.014869756996631622
194,2012-11-16,0.5171161890029907
195,2012-11-19,-0.48325224220752716
196,2012-11-21,0.9231549501419067
197,2012-11-26,0.6848297715187073
198,2012-11-27,0.41052545607089996
199,2012-11-28,0.2767936587333679
200,2012-11-29,0.15527183935046196
201,2012-11-30,-0.5062210410833359
202,2012-12-03,0.025331471115350723
203,2012-12-04,0.3301817824443181
204,2012-12-05,0.03448047861456871
205,2012-12-06,0.6339769661426544
206,2012-12-07,-0.8261722922325134
207,2012-12-09,-0.40932175423949957
208,2012-12-10,0.7808830142021179
209,2012-12-11,0.02060207724571228
210,2012-12-12,0.4791431911289692
211,2012-12-13,0.9208187758922577
212,2012-12-14,-0.6137394458055496
213,2012-12-17,0.5275355167686939
214,2012-12-18,-0.09805195530255635
215,2012-12-19,0.1632481135893613
216,2012-12-20,0.2681237757205963
217,2012-12-21,0.35690027847886086
218,2012-12-24,0.7960218787193298
219,2012-12-27,-0.14083066582679749
220,2012-12-28,-0.7148193915685018
221,2012-12-31,-0.00042271365722020465
222,2013-01-02,0.5440635681152344
223,2013-01-03,0.19770079851150513
224,2013-01-04,0.7293471097946167
225,2013-01-09,0.22638357616961002
226,2013-01-11,0.6479637026786804
227,2013-01-14,0.06690644969542821
228,2013-01-15,0.1433444805443287
229,2013-01-16,-0.29418087005615234
230,2013-01-17,-0.639146625995636
231,2013-01-19,0.30508190393447876
232,2013-01-20,0.6196303367614746
233,2013-01-22,0.8841656446456909
234,2013-01-25,0.6128512620925903
235,2013-01-28,0.754952609539032
236,2013-01-29,0.15016722679138184
237,2013-01-30,0.14566692869578088
238,2013-01-31,0.6602939888834953
239,2013-02-01,-0.06213603913784027
240,2013-02-04,-0.6288476437330246
241,2013-02-05,-0.09765066206455231
242,2013-02-06,0.9046592116355896
243,2013-02-07,0.10770261846482754
244,2013-02-08,-0.022458653897047043
245,2013-02-11,0.2536075214544932
246,2013-02-12,0.18037779815495014
247,2013-02-14,-0.22572506094972292
248,2013-02-15,-0.17836275696754456
249,2013-02-17,0.13168621063232422
250,2013-02-22,0.009885493665933609
251,2013-02-24,-0.2413797825574875
252,2013-02-25,0.8380734920501709
253,2013-02-26,0.4917893707752228
254,2013-02-28,0.39391371607780457
255,2013-03-01,0.2857154607772827
256,2013-03-05,0.01486421748995781
257,2013-03-06,-0.013137532398104668
258,2013-03-07,0.46111048261324566
259,2013-03-08,0.5710261464118958
260,2013-03-09,-0.10622502118349075
261,2013-03-11,-0.07711032032966614
262,2013-03-12,-0.01911482959985733
263,2013-03-13,-0.46983132138848305
264,2013-03-14,-0.0012378320097923279
265,2013-03-15,0.012557231821119785
266,2013-03-19,-0.27091268574198085
267,2013-03-20,-0.8911365270614624
268,2013-03-21,0.5765951871871948
269,2013-03-25,0.5203329771757126
270,2013-03-26,0.296008437871933
271,2013-03-27,0.9007584452629089
272,2013-03-28,0.134142205119133
273,2013-04-01,-0.2736651301383972
274,2013-04-02,0.04500695690512657
275,2013-04-03,0.013435685075819492
276,2013-04-04,0.026592286303639412
277,2013-04-05,0.44645148515701294
278,2013-04-08,0.46346887946128845
279,2013-04-09,-0.852145254611969
280,2013-04-10,0.6714438597361246
281,2013-04-11,0.27176716923713684
282,2013-04-12,0.5491725206375122
283,2013-04-15,0.12391392700374126
284,2013-04-16,-0.00021423151095708212
285,2013-04-17,0.3399951756000519
286,2013-04-22,0.5151792764663696
287,2013-04-23,0.44191426038742065
288,2013-04-26,-0.11068854729334514
289,2013-04-30,0.20713995397090912
290,2013-05-01,0.13549447911126272
291,2013-05-02,0.36453938484191895
292,2013-05-03,0.1350175440311432
293,2013-05-06,-0.0038397014141082764
294,2013-05-07,0.22988227009773254
295,2013-05-08,-0.4524935483932495
296,2013-05-09,0.41407059878110886
297,2013-05-10,0.6702899932861328
298,2013-05-11,-0.9631481766700745
299,2013-05-13,0.15290096402168274
300,2013-05-16,-0.9710537791252136
301,2013-05-20,-0.7969672083854675
302,2013-05-22,0.5026156306266785
303,2013-05-24,0.1725759357213974
304,2013-05-29,-0.0273071750998497
305,2013-05-30,0.905825138092041
306,2013-06-03,-0.9599990248680115
307,2013-06-04,0.9125304222106934
308,2013-06-06,0.2886725664138794
309,2013-06-07,0.3771682158112526
310,2013-06-09,-0.195286991695563
311,2013-06-10,0.32021185755729675
312,2013-06-12,0.05554623901844025
313,2013-06-13,0.08148792386054993
314,2013-06-14,0.09128885716199875
315,2013-06-16,-0.0322183296084404
316,2013-06-17,0.37921324372291565
317,2013-06-18,0.5262859165668488
318,2013-06-19,0.339351549744606
319,2013-06-20,0.04204366356134415
320,2013-06-21,0.3055519424378872
321,2013-06-23,-0.8713021278381348
322,2013-06-24,0.22131963074207306
323,2013-06-26,0.9107216000556946
324,2013-06-27,-0.021982206031680107
325,2013-07-02,0.36644914746284485
326,2013-07-03,0.8975469470024109
327,2013-07-05,0.062099963426589966
328,2013-07-08,0.662158876657486
329,2013-07-09,0.603769643853108
330,2013-07-10,0.9006795883178711
331,2013-07-13,0.6650428771972656
332,2013-07-16,-0.23834985494613647
333,2013-07-22,0.9240711331367493
334,2013-07-23,0.5321747586131096
335,2013-07-24,-0.26164910197257996
336,2013-07-25,0.6014608144760132
337,2013-07-29,-0.0016427822411060333
338,2013-07-30,0.025101374369114637
339,2013-08-02,-0.1230759983882308
340,2013-08-05,-0.3412036895751953
341,2013-08-09,-0.29611650109291077
342,2013-08-11,0.049697715789079666
343,2013-08-12,0.8725063800811768
344,2013-08-13,0.896231472492218
345,2013-08-15,-0.711231529712677
346,2013-08-16,0.17405685782432556
347,2013-08-19,0.7071378827095032
348,2013-08-20,-0.914222240447998
349,2013-08-21,0.43669748306274414
350,2013-08-23,0.15470645825068155
351,2013-08-26,0.28657752461731434
352,2013-08-28,0.20348397828638554
353,2013-08-30,-0.49748678008715314
354,2013-09-03,-0.03161878138780594
355,2013-09-06,-0.47480608026186627
356,2013-09-09,0.06431587040424347
357,2013-09-11,0.8159158229827881
358,2013-09-12,-0.23759923316538334
359,2013-09-13,-0.9535561203956604
360,2013-09-15,0.3163427710533142
361,2013-09-17,-0.06065744906663895
362,2013-09-20,0.040138959884643555
363,2013-09-23,0.02739712968468666
364,2013-09-24,-0.31366869807243347
365,2013-09-25,0.02639281004667282
366,2013-09-26,0.14610815048217773
367,2013-09-27,-0.012317486107349396
368,2013-09-30,-0.5086496472358704
369,2013-10-01,0.4768943637609482
370,2013-10-02,-0.029347602277994156
371,2013-10-03,0.25882939621806145
372,2013-10-04,-0.7234477400779724
373,2013-10-07,-0.9057937264442444
374,2013-10-08,-0.41460683941841125
375,2013-10-12,0.01353082899004221
376,2013-10-14,0.07660456746816635
377,2013-10-15,0.6791991591453552
378,2013-10-16,-0.6042497158050537
379,2013-10-17,0.748119443655014
380,2013-10-18,0.25261046178638935
381,2013-10-19,0.6358162760734558
382,2013-10-21,-0.015012498944997787
383,2013-10-22,-0.9387972354888916
384,2013-10-23,-0.9501975774765015
385,2013-10-25,-0.12831521034240723
386,2013-10-28,0.06289660930633545
387,2013-10-29,0.690506637096405
388,2013-10-30,0.33618490435183046
389,2013-10-31,0.6313832998275757
390,2013-11-01,0.462751179933548
391,2013-11-03,-0.03069247677922249
392,2013-11-07,-0.915395200252533
393,2013-11-11,-0.14301149547100067
394,2013-11-13,0.059962689876556396
395,2013-11-18,0.11684413999319077
396,2013-11-21,0.600054144859314
397,2013-11-22,0.45273640751838684
398,2013-12-02,0.37490513920783997
399,2013-12-04,-0.1548420488834381
400,2013-12-05,0.0004493165761232376
401,2013-12-09,-0.23617318272590637
402,2013-12-10,0.1387268863618374
403,2013-12-11,0.027027403004467487
404,2013-12-12,0.2670033872127533
405,2013-12-17,0.05857088416814804
406,2013-12-19,-0.3686247058212757
407,2013-12-20,0.03576187044382095
408,2013-12-23,0.8832675218582153
409,2013-12-26,-0.8639383316040039
410,2013-12-30,0.4223513901233673
411,2013-12-31,0.0974554717540741
412,2014-01-02,0.7538070678710938
413,2014-01-05,0.060508280992507935
414,2014-01-06,0.15585382282733917
415,2014-01-07,0.7461243867874146
416,2014-01-08,-0.04810100793838501
417,2014-01-09,-0.9552769660949707
418,2014-01-13,0.0863434374332428
419,2014-01-14,0.10829831846058369
420,2014-01-16,0.161288782954216
421,2014-01-22,0.03229966387152672
422,2014-01-24,0.009840777143836021
423,2014-01-27,-0.9533880352973938
424,2014-01-29,-0.07300061732530594
425,2014-01-30,0.05220811814069748
426,2014-02-05,-0.8675297498703003
427,2014-02-07,0.17731523513793945
428,2014-02-19,0.07662319267789523
429,2014-02-20,0.040612027049064636
430,2014-02-23,0.16285517811775208
431,2014-02-24,-0.06680417060852051
432,2014-02-26,-0.11920980364084244
433,2014-03-04,0.0844535306096077
434,2014-03-05,-0.1234804205596447
435,2014-03-07,0.3551224172115326
436,2014-03-10,0.5383748412132263
437,2014-03-11,-0.017900701612234116
438,2014-03-13,-0.38909634202718735
439,2014-03-19,0.8258140683174133
440,2014-03-25,0.04397144727408886
441,2014-03-26,0.24254313483834267
442,2014-04-01,-0.04655578639358282
443,2014-04-04,-0.9413632750511169
444,2014-04-08,0.3182313144207001
445,2014-04-09,-0.2523425668478012
446,2014-04-10,-0.014402570202946663
447,2014-04-14,0.3587622046470642
448,2014-04-16,-0.41506871208548546
449,2014-04-17,0.11985836923122406
450,2014-04-21,0.1481615292529265
451,2014-04-23,-0.42605024576187134
452,2014-04-24,-0.4868260845541954
453,2014-04-25,-0.5752555131912231
454,2014-04-30,0.41870635747909546
455,2014-05-01,-0.10656238347291946
456,2014-05-08,0.15534502267837524
457,2014-05-12,0.42856326699256897
458,2014-05-13,-0.9654000997543335
459,2014-05-15,0.003444422036409378
460,2014-05-19,0.12308141589164734
461,2014-05-20,0.46092459559440613
462,2014-05-21,0.12699931859970093
463,2014-05-24,-0.05045212060213089
464,2014-05-28,0.34213486313819885
465,2014-05-30,0.7514445185661316
466,2014-06-03,0.6866413354873657
467,2014-06-05,0.03502477705478668
468,2014-06-09,-0.010543357580900192
469,2014-06-11,-0.3082727789878845
470,2014-06-17,0.03174414485692978
471,2014-06-23,0.2493666261434555
472,2014-06-24,0.2318093366920948
473,2014-07-02,-0.02235493343323469
474,2014-07-08,0.8763526678085327
475,2014-07-18,0.010498058050870895
476,2014-07-21,0.03284280002117157
477,2014-07-23,0.021618088086446125
478,2014-07-24,0.8625009655952454
479,2014-07-29,0.2906900644302368
480,2014-08-08,-0.09880144894123077
481,2014-08-10,-0.9356597065925598
482,2014-08-21,0.0418842788785696
483,2014-08-25,-0.0814218819141388
484,2014-08-27,-0.21824629604816437
485,2014-09-01,-0.02310957759618759
486,2014-09-02,0.05194668844342232
487,2014-09-03,0.7602584958076477
488,2014-09-11,-0.061611153185367584
489,2014-09-12,-0.47013717889785767
490,2014-09-20,-0.6333782076835632
491,2014-09-23,0.29360049962997437
492,2014-09-25,-0.113614022731781
493,2014-09-29,-0.01947014406323433
494,2014-10-03,0.12536098156124353
495,2014-10-06,-0.289669394493103
496,2014-10-07,-0.017078138887882233
497,2014-10-14,-0.06284987181425095
498,2014-10-15,-0.8050497174263
499,2014-10-17,0.8905479907989502
500,2014-10-20,0.10718221962451935
501,2014-10-23,0.008021995425224304
502,2014-10-28,0.27838913816958666
503,2014-10-29,-0.6730913519859314
504,2014-10-30,-0.03274530917406082
505,2014-11-08,0.09962286055088043
506,2014-11-10,0.019451290369033813
507,2014-11-13,0.4166935086250305
508,2014-11-17,-0.46427242923527956
509,2014-11-18,0.0074810609221458435
510,2014-11-25,-0.02162327617406845
511,2014-11-26,-0.03784400224685669
512,2014-12-05,0.6681185364723206
513,2014-12-08,-0.070021852850914
514,2014-12-10,0.09276318550109863
515,2014-12-11,-0.726704478263855
516,2014-12-13,-0.831569492816925
517,2014-12-16,-0.30736538767814636
518,2014-12-19,-0.017843160778284073
519,2014-12-22,-0.054372482001781464
520,2014-12-24,0.3639926612377167
521,2015-01-02,-0.013955051079392433
522,2015-01-05,-0.19042761996388435
523,2015-01-06,0.08518175780773163
524,2015-01-14,-0.01039661094546318
525,2015-01-15,0.06202755123376846
526,2015-01-28,0.21722490278383097
527,2015-02-07,0.03566763922572136
528,2015-02-18,-0.9246440529823303
529,2015-02-19,0.004411112517118454
530,2015-02-24,0.6886679530143738
531,2015-03-02,0.1294843703508377
532,2015-03-04,0.09728721529245377
533,2015-03-07,-6.944127380847931e-05
534,2015-03-13,0.7400804162025452
535,2015-03-16,-0.9323419332504272
536,2015-03-17,0.060036368668079376
537,2015-03-18,-0.9527624845504761
538,2015-03-20,0.4919526278972626
539,2015-03-24,0.10045184195041656
540,2015-03-25,0.0771503672003746
541,2015-03-26,-0.2444203943014145
542,2015-04-02,0.026975560933351517
543,2015-04-07,-0.9017184972763062
544,2015-04-08,-0.22874301671981812
545,2015-04-11,-0.8976064920425415
546,2015-04-18,0.8952649831771851
547,2015-04-22,-0.30831753214200336
548,2015-04-23,0.3075357675552368
549,2015-04-27,0.21921443939208984
550,2015-04-28,-0.8541183471679688
551,2015-05-01,-0.09292751550674438
552,2015-05-06,0.1883680671453476
553,2015-05-11,-0.48783209919929504
554,2015-05-12,0.10127081349492073
555,2015-05-14,0.8042171597480774
556,2015-05-18,-0.007214508950710297
557,2015-05-21,0.020990831777453423
558,2015-05-27,0.018726037815213203
559,2015-06-02,0.11801546812057495
560,2015-06-04,0.5404826402664185
561,2015-06-10,-0.025585962459445
562,2015-06-11,0.07298587262630463
563,2015-06-15,0.8767485618591309
564,2015-06-22,-0.2633281946182251
565,2015-06-23,-0.3931344449520111
566,2015-06-24,0.0015596728771924973
567,2015-06-25,0.1324540227651596
568,2015-07-01,-0.00401613675057888
569,2015-07-07,0.053110912442207336
570,2015-07-08,0.04169696941971779
571,2015-07-15,-0.9177500009536743
572,2015-07-16,0.08447946608066559
573,2015-07-17,0.6886837482452393
574,2015-07-22,0.08851216733455658
575,2015-07-29,-0.21601640805602074
576,2015-07-31,-0.012711716815829277
577,2015-08-06,0.06053508445620537
578,2015-08-11,0.8727701902389526
579,2015-08-24,-0.6592220664024353
580,2015-08-26,0.11315015703439713
581,2015-08-27,-0.07924354076385498
582,2015-09-03,0.8363526463508606
583,2015-09-04,-0.5779198408126831
584,2015-09-09,0.07600799202919006
585,2015-09-15,0.0412178561091423
586,2015-09-18,0.21157556772232056
587,2015-09-23,-0.3763321042060852
588,2015-09-24,0.08283421397209167
589,2015-09-25,0.04026814550161362
590,2015-09-28,0.2326827198266983
591,2015-10-06,-0.01477641612291336
592,2015-10-08,-0.024409160017967224
593,2015-10-09,0.8958891034126282
594,2015-10-12,-0.9295210838317871
595,2015-10-14,-0.04693141579627991
596,2015-10-15,0.11637884378433228
597,2015-10-24,-0.00613771565258503
598,2015-11-04,0.40428295234839123
599,2015-11-05,0.05290086939930916
600,2015-11-09,-0.01075037196278572
601,2015-11-12,0.011814206838607788
602,2015-11-15,0.025860337540507317
603,2015-11-22,-0.10592278838157654
604,2015-11-23,-0.44104474782943726
605,2015-12-01,0.08604751527309418
606,2015-12-04,-0.19161558151245117
607,2015-12-07,-0.9397200345993042
608,2015-12-10,0.02101232297718525
609,2015-12-15,-0.4930028337985277
610,2015-12-16,0.8007308840751648
611,2015-12-20,0.06632961332798004
612,2015-12-29,-0.023210490122437477
613,2015-12-30,-0.6875450015068054
614,2016-01-04,-0.162784606218338
615,2016-01-05,-0.021531052887439728
616,2016-01-06,0.050792139023542404
617,2016-01-07,0.3383572995662689
618,2016-01-12,0.763164758682251
619,2016-01-18,0.00571996346116066
620,2016-01-20,-0.9442523717880249
621,2016-01-21,0.8847374320030212
622,2016-01-27,0.6755221287409464
623,2016-01-28,0.334415540099144
624,2016-02-02,0.07709305733442307
625,2016-02-05,-0.820163369178772
626,2016-02-08,-0.8784775137901306
627,2016-02-12,0.07820023596286774
628,2016-02-23,0.7777739763259888
629,2016-02-24,0.040708571672439575
630,2016-02-29,-0.010841701179742813
631,2016-03-02,0.22124432027339935
632,2016-03-04,-0.2577987313270569
633,2016-03-07,-0.4070470817387104
634,2016-03-09,0.6428638696670532
635,2016-03-14,0.9322226047515869
636,2016-03-18,0.00786643661558628
637,2016-03-21,0.052794404327869415
638,2016-03-28,0.6144108772277832
639,2016-03-29,0.16892513632774353
640,2016-04-02,-0.6954458057880402
641,2016-04-04,0.46929723024368286
642,2016-04-08,0.04468695819377899
643,2016-04-12,0.037239059805870056
644,2016-04-14,0.7051703929901123
645,2016-04-15,0.22813472151756287
646,2016-04-18,0.5750345587730408
647,2016-04-19,0.7887622117996216
648,2016-04-25,-0.08262834697961807
649,2016-04-27,0.502956822514534
650,2016-04-28,0.6139504313468933
651,2016-05-04,-0.6236093044281006
652,2016-05-08,-0.9302509427070618
653,2016-05-11,-0.7059670090675354
654,2016-05-13,0.012626934796571732
655,2016-05-16,-0.09148997440934181
656,2016-05-19,0.026266861706972122
657,2016-05-23,-0.2366846203804016
658,2016-05-24,0.004265831783413887
659,2016-05-25,-0.40820683538913727
660,2016-05-26,0.3631849242374301
661,2016-05-27,0.1493075042963028
662,2016-05-29,0.0776442140340805
663,2016-06-01,-0.7603425979614258
664,2016-06-03,-0.6953759789466858
665,2016-06-13,-0.011306971311569214
666,2016-06-17,-0.0341915488243103
667,2016-06-20,-0.32404032349586487
668,2016-06-21,-0.09619924674431483
669,2016-06-24,0.022727804258465767
670,2016-06-26,-0.08143415302038193
671,2016-06-28,-0.0341915488243103
672,2016-07-01,-0.01125568151473999
673,2016-07-04,-0.2515590190887451
674,2016-07-06,-0.07722608000040054
675,2016-07-07,-0.07429689168930054
676,2016-07-14,0.027946215122938156
677,2016-07-19,-0.4431108484665553
678,2016-07-20,-0.19462908804416656
679,2016-07-22,-0.2573314309120178
680,2016-07-27,0.3085366189479828
681,2016-07-29,0.35489278100430965
682,2016-08-03,0.0037546437233686447
683,2016-08-04,-0.16720783710479736
684,2016-08-08,-0.028376638889312744
685,2016-08-09,-0.010408580303192139
686,2016-08-10,0.06867574155330658
687,2016-08-11,-0.2821580022573471
688,2016-08-12,-0.017686352133750916
689,2016-08-15,0.10887273401021957
690,2016-08-16,0.10519693046808243
691,2016-08-18,0.644401490688324
692,2016-08-22,-0.06302400678396225
693,2016-08-23,-0.005296686664223671
694,2016-08-25,0.09124649595469236
695,2016-08-26,0.021104514598846436
696,2016-08-30,-0.006549254059791565
697,2016-08-31,0.30128445848822594
698,2016-09-01,-0.42389313876628876
699,2016-09-06,0.18687736988067627
700,2016-09-07,0.27927231788635254
701,2016-09-08,0.5760329961776733
702,2016-09-09,-0.3950185216963291
703,2016-09-11,0.04705161601305008
704,2016-09-12,0.0037064850330352783
705,2016-09-13,0.023604094982147217
706,2016-09-14,0.24808879755437374
707,2016-09-19,0.2654144614934921
708,2016-09-20,0.06564350612461567
709,2016-09-21,0.8183022141456604
710,2016-09-22,-0.4592782258987427
711,2016-09-23,-0.6207972280681133
712,2016-09-27,-0.3092855190237363
713,2016-09-30,0.03718475066125393
714,2016-10-03,0.29061411460861564
715,2016-10-06,0.22327696532011032
716,2016-10-07,0.3430260121822357
717,2016-10-10,-0.25395018110672635
718,2016-10-12,0.0365607887506485
719,2016-10-13,0.06493820250034332
720,2016-10-14,0.03751837958892187
721,2016-10-17,0.6604323983192444
722,2016-10-19,0.02663872018456459
723,2016-10-22,-0.7989166378974915
724,2016-10-24,0.02420683577656746
725,2016-10-28,-0.0627155601978302
726,2016-11-01,0.5445094108581543
727,2016-11-02,0.4410342499613762
728,2016-11-03,-0.04585165220002333
729,2016-11-04,-0.870304524898529
730,2016-11-08,-0.44534284869829815
731,2016-11-09,-0.030040418729186058
732,2016-11-10,-0.3621434848755598
733,2016-11-11,0.3515281677246094
734,2016-11-14,-0.31967753171920776
735,2016-11-15,0.07412505894899368
736,2016-11-16,-0.8215281963348389
737,2016-11-17,0.022092722356319427
738,2016-11-18,0.05660051479935646
739,2016-11-20,-0.1895105242729187
740,2016-11-21,0.16309862087170282
741,2016-11-22,-0.3314101422826449
742,2016-11-23,-0.45477402210235596
743,2016-11-29,0.028889518231153488
744,2016-12-01,-0.23984325428803763
745,2016-12-02,0.05184488743543625
746,2016-12-05,0.012923805974423885
747,2016-12-06,0.09265214204788208
748,2016-12-07,0.03435209020972252
749,2016-12-08,0.017164573073387146
750,2016-12-09,0.04187947791069746
751,2016-12-11,-0.11464767158031464
752,2016-12-12,0.00996878370642662
753,2016-12-13,0.2640957944095135
754,2016-12-14,-0.0912361778318882
755,2016-12-15,-0.004555962979793549
756,2016-12-16,0.01804734766483307
757,2016-12-19,0.01810665801167488
758,2016-12-20,-0.17836278351023793
759,2016-12-21,-0.0062133632600307465
760,2016-12-28,-0.18956641356150308
761,2017-01-03,0.03911673277616501
762,2017-01-04,0.09990938007831573
763,2017-01-09,0.31599093973636627
764,2017-01-10,0.3459793229897817
765,2017-01-11,0.0011089177181323369
766,2017-01-13,0.8575338125228882
767,2017-01-15,0.058320656418800354
768,2017-01-17,0.03018682450056076
769,2017-01-18,-0.006938699632883072
770,2017-01-19,0.0801626443862915
771,2017-01-20,-0.19571305066347122
772,2017-01-24,-0.024301987141370773
773,2017-01-26,0.24368010523418585
774,2017-01-27,-0.10343290865421295
775,2017-01-29,0.5745595097541809
776,2017-01-30,0.4024583697319031
777,2017-01-31,0.045536696910858154
778,2017-02-01,0.18393505364656448
779,2017-02-02,-0.2902504652738571
780,2017-02-06,-0.3056968692690134
781,2017-02-08,-0.35267380625009537
782,2017-02-10,0.1620781533420086
783,2017-02-14,0.05892593413591385
784,2017-02-21,0.21045343577861786
785,2017-02-22,0.010735061019659042
786,2017-02-23,0.61908358335495
787,2017-02-24,-0.7367589473724365
788,2017-02-27,-0.024456355720758438
789,2017-03-02,-0.926744818687439
790,2017-03-03,0.0023811906576156616
791,2017-03-07,-0.4573661871254444
792,2017-03-08,-0.5450939536094666
793,2017-03-09,0.1558443894609809
794,2017-03-10,0.06319503486156464
795,2017-03-14,-0.5131598711013794
796,2017-03-16,-0.6716894507408142
797,2017-03-17,0.19344172440469265
798,2017-03-20,0.06209159642457962
799,2017-03-21,0.7160151600837708
800,2017-03-22,0.14061345160007477
801,2017-03-24,-0.29792192578315735
802,2017-03-27,0.5037076473236084
803,2017-03-28,0.084375761449337
804,2017-03-29,0.036892518401145935
805,2017-03-30,-0.3348343074321747
806,2017-04-04,-0.2589520451923211
807,2017-04-05,-0.02915279194712639
808,2017-04-06,-0.029037073254585266
809,2017-04-07,-0.7273427844047546
810,2017-04-10,0.033776383846998215
811,2017-04-11,-0.3635394647717476
812,2017-04-12,0.35145220160484314
813,2017-04-13,0.709830641746521
814,2017-04-17,-0.07347799092531204
815,2017-04-18,-0.010567931458353996
816,2017-04-19,-0.06167960911989212
817,2017-04-20,-0.19655969738960266
818,2017-04-26,0.01470157504081726
819,2017-04-28,-0.4206162095069885
820,2017-05-03,0.23634807020425797
821,2017-05-04,-0.4448772668838501
822,2017-05-05,-0.3618424981832504
823,2017-05-07,0.034799136221408844
824,2017-05-08,-0.7252501249313354
825,2017-05-15,0.010614956418673197
826,2017-05-16,-0.4271431379020214
827,2017-05-17,-0.937588095664978
828,2017-05-18,-0.0926763357128948
829,2017-05-19,-0.7200509905815125
830,2017-05-22,-0.7949635982513428
831,2017-05-23,0.011133316904306412
832,2017-05-24,0.09262333065271378
833,2017-05-25,0.46164941787719727
834,2017-05-31,0.4019582159817219
835,2017-06-01,-0.04570215381681919
836,2017-06-02,-0.3990221321582794
837,2017-06-05,0.023916523903608322
838,2017-06-07,-0.04047834873199463
839,2017-06-09,0.14399659633636475
840,2017-06-12,-0.4651823088526726
841,2017-06-13,-0.4651593379676342
842,2017-06-15,-0.5161720439791679
843,2017-06-19,0.2659996996323268
844,2017-06-20,-0.1744931936264038
845,2017-06-21,-0.474431362003088
846,2017-06-22,0.13190084230154753
847,2017-06-23,-0.08103612065315247
848,2017-06-26,0.08454726077616215
849,2017-06-27,-0.10833108238875866
850,2017-06-29,-0.8703645467758179
851,2017-06-30,-0.12487445461253326
852,2017-07-03,-0.30339542031288147
853,2017-07-06,0.03405457362532616
854,2017-07-10,-0.03908011317253113
855,2017-07-11,0.02384720742702484
856,2017-07-12,0.4367909673601389
857,2017-07-13,0.09002096578478813
858,2017-07-14,0.26191985607147217
859,2017-07-18,0.031793560832738876
860,2017-07-19,0.49540072679519653
861,2017-07-21,-0.011413861066102982
862,2017-07-25,0.20759202539920807
863,2017-07-26,0.369730814670523
864,2017-07-27,0.3715934157371521
865,2017-07-31,-0.9541265964508057
866,2017-08-01,0.007675522938370705
867,2017-08-08,-0.2833411991596222
868,2017-08-09,0.1450471580028534
869,2017-08-11,0.15210735611617565
870,2017-08-14,0.03829687833786011
871,2017-08-15,-0.10281947255134583
872,2017-08-16,-0.43225710093975067
873,2017-08-17,-0.28408750891685486
874,2017-08-18,0.041523996740579605
875,2017-08-22,-0.9464899897575378
876,2017-08-23,0.36957282572984695
877,2017-08-24,-0.35629671812057495
878,2017-08-25,0.03538943827152252
879,2017-08-28,0.1493232250213623
880,2017-08-29,0.0044249435886740685
881,2017-08-30,-0.42981991171836853
882,2017-08-31,-0.3064084379002452
883,2017-09-05,0.22309580445289612
884,2017-09-06,-0.44365156441926956
885,2017-09-08,-0.1888145199045539
886,2017-09-11,-0.9291488528251648
887,2017-09-12,-0.31680965423583984
888,2017-09-13,-0.5078876465559006
889,2017-09-14,0.3607805371284485
890,2017-09-15,0.07512155547738075
891,2017-09-17,0.09327882528305054
892,2017-09-19,0.12161815663178761
893,2017-09-20,0.15721595287322998
894,2017-09-21,-0.1755253958205382
895,2017-09-22,0.09556552146871884
896,2017-09-23,-0.010389301925897598
897,2017-09-25,0.014825910329818726
898,2017-09-26,0.06266512100895245
899,2017-09-27,-0.027337241917848587
900,2017-09-28,0.1748529076576233
901,2017-09-29,0.65477055311203
902,2017-10-02,-0.5028931101163229
903,2017-10-04,-0.8829638361930847
904,2017-10-05,-0.012593787163496017
905,2017-10-06,-0.7800975739955902
906,2017-10-10,-0.011860355734825134
907,2017-10-11,0.4632274657487869
908,2017-10-13,0.008227886632084846
909,2017-10-16,0.02890171855688095
910,2017-10-17,-0.04416957994302114
911,2017-10-18,0.2490629106760025
912,2017-10-19,0.36814143788069487
913,2017-10-20,-0.21989049017429352
914,2017-10-25,-0.8719722032546997
915,2017-10-27,-0.015933670103549957
916,2017-10-30,0.35759395360946655
917,2017-10-31,0.13882452249526978
918,2017-11-01,-0.30426129698753357
919,2017-11-02,0.039782121777534485
920,2017-11-08,-0.3600471615791321
921,2017-11-10,0.10946600884199142
922,2017-11-14,0.02412622608244419
923,2017-11-21,0.22002607583999634
924,2017-11-22,0.0201480221003294
925,2017-11-25,-0.9066408276557922
926,2017-11-28,0.027063053101301193
927,2017-11-29,0.04810047149658203
928,2017-12-01,0.13920734450221062
929,2017-12-04,-0.030237466096878052
930,2017-12-05,0.2764350585639477
931,2017-12-06,0.008237411268055439
932,2017-12-08,0.5824955701828003
933,2017-12-11,-0.3769206404685974
934,2017-12-14,0.13846802711486816
935,2017-12-18,-0.13071504731973013
936,2017-12-19,-0.547344962755839
937,2017-12-20,0.6070855855941772
938,2017-12-21,0.4586614966392517
939,2017-12-26,-0.01971462368965149
940,2018-01-04,0.01838579773902893
941,2018-01-05,-0.6115241050720215
942,2018-01-08,0.7766956686973572
943,2018-01-09,0.327935341745615
944,2018-01-11,0.3809124827384949
945,2018-01-12,-0.3870591255836189
946,2018-01-17,0.12949566543102264
947,2018-01-18,0.03338097780942917
948,2018-01-19,-0.10331246629357338
949,2018-01-22,-0.03831720910966396
950,2018-01-23,0.13133598305284977
951,2018-01-24,-0.09941663344701131
952,2018-01-25,0.11907727768023808
953,2018-01-27,0.09252063184976578
954,2018-01-29,0.04252273216843605
955,2018-01-30,-0.8557397723197937
956,2018-01-31,-0.4301125407218933
957,2018-02-01,0.8934719562530518
958,2018-02-05,0.2827552855014801
959,2018-02-06,-0.3321824073791504
960,2018-02-09,0.03062431824704011
961,2018-02-12,-0.9454992413520813
962,2018-02-13,0.04403425753116608
963,2018-02-14,0.061751458793878555
964,2018-02-15,-0.16602768748998642
965,2018-02-16,-0.855512797832489
966,2018-02-20,0.011181638576090336
967,2018-03-01,-0.4640977680683136
968,2018-03-02,-0.5629315748810768
969,2018-03-05,-0.2991558909416199
970,2018-03-06,-0.6556311845779419
971,2018-03-07,-0.009433645755052567
972,2018-03-08,-0.25564879179000854
973,2018-03-09,0.4092898666858673
974,2018-03-12,0.0052854884415864944
975,2018-03-13,-0.4271497391164303
976,2018-03-14,-0.2149150768915812
977,2018-03-17,-0.4574664905667305
978,2018-03-19,-0.5545432150363923
979,2018-03-20,-0.6255622368305922
980,2018-03-21,-0.27829638682305813
981,2018-03-22,-0.044096097350120544
982,2018-03-23,-0.2724308744072914
983,2018-03-24,-0.528458833694458
984,2018-03-25,-0.037527360022068024
985,2018-03-26,0.11740796230733394
986,2018-03-27,-0.3101069815456867
987,2018-03-28,0.19624186679720879
988,2018-03-29,-0.07580265402793884
989,2018-03-30,-0.6113380193710327
990,2018-03-31,-0.6699392795562744
991,2018-04-01,-0.828606128692627
992,2018-04-02,-0.7433310151100159
993,2018-04-03,-0.26306261867284775
994,2018-04-04,-0.3673898439322199
995,2018-04-05,-0.6718117892742157
996,2018-04-06,-0.37950941920280457
997,2018-04-09,-0.3018076293170452
998,2018-04-10,-0.08290103077888489
999,2018-04-11,-0.10782632231712341
1000,2018-04-12,0.23568424582481384
1001,2018-04-15,0.5819538235664368
1002,2018-04-16,0.007795950397849083
1003,2018-04-17,-0.1435706213116646
1004,2018-04-18,-0.6472526416182518
1005,2018-04-19,-0.06888005137443542
1006,2018-04-20,-0.42008718848228455
1007,2018-04-23,-0.341245482986172
1008,2018-04-24,-0.41259879525750875
1009,2018-04-25,0.5142616728941599
1010,2018-04-26,0.5933234095573425
1011,2018-04-27,-0.25188520550727844
1012,2018-04-30,-0.9086146354675293
1013,2018-05-01,0.15866516269743441
1014,2018-05-02,-0.23569525529940924
1015,2018-05-03,-0.6896843910217285
1016,2018-05-07,-0.048549214377999306
1017,2018-05-08,-0.7649014592170715
1018,2018-05-09,-0.0052404869347810745
1019,2018-05-15,-0.226598734036088
1020,2018-05-16,0.032677896320819855
1021,2018-05-17,-0.20022627711296082
1022,2018-05-18,-0.20897368341684341
1023,2018-05-22,-0.025028947740793228
1024,2018-05-23,0.6132306456565857
1025,2018-05-24,-0.20578593388199806
1026,2018-05-25,-0.8883179426193237
1027,2018-05-30,0.02633379679173231
1028,2018-05-31,-0.24799522385001183
1029,2018-06-01,0.3542836643755436
1030,2018-06-04,-0.335844727853934
1031,2018-06-05,-0.12347152605652809
1032,2018-06-06,-0.055024690460413694
1033,2018-06-07,-0.9071118235588074
1034,2018-06-08,-0.2331150323152542
1035,2018-06-11,0.2283341269940138
1036,2018-06-12,-0.15610764920711517
1037,2018-06-13,0.12106440588831902
1038,2018-06-14,-0.04633427287141482
1039,2018-06-19,0.30009239353239536
1040,2018-06-20,0.08351367339491844
1041,2018-06-22,0.5137267112731934
1042,2018-06-25,0.007351800799369812
1043,2018-06-26,-0.6115606427192688
1044,2018-06-27,-0.4199243560433388
1045,2018-06-28,0.14075618889182806
1046,2018-06-29,-0.8429749608039856
1047,2018-07-01,-0.037435904145240784
1048,2018-07-02,0.277412012219429
1049,2018-07-05,-0.061413275077939034
1050,2018-07-06,0.017468590289354324
1051,2018-07-09,0.4203657880425453
1052,2018-07-10,0.05947986990213394
1053,2018-07-11,-0.4156964235007763
1054,2018-07-12,-0.5095161708692709
1055,2018-07-13,0.300550884877642
1056,2018-07-17,-0.2188236564397812
1057,2018-07-18,0.1416316032409668
1058,2018-07-19,-0.12448840122669935
1059,2018-07-20,-0.5177938938140869
1060,2018-07-23,0.53693438321352
1061,2018-07-24,0.00710117444396019
1062,2018-07-25,-0.4554858863353729
1063,2018-07-26,-0.46192893385887146
1064,2018-07-27,-0.6344259828329086
1065,2018-07-28,-0.787781834602356
1066,2018-07-31,0.6051598787307739
1067,2018-08-01,0.023627737537026405
1068,2018-08-02,0.014207374304533005
1069,2018-08-03,0.05481152981519699
1070,2018-08-06,-0.04057425260543823
1071,2018-08-07,-0.4684961475431919
1072,2018-08-08,-0.10515405237674713
1073,2018-08-10,0.8544989228248596
1074,2018-08-13,0.5279559375097355
1075,2018-08-14,-0.007301871664822102
1076,2018-08-15,-0.7974244952201843
1077,2018-08-16,0.005695130676031113
1078,2018-08-17,-0.7544110715389252
1079,2018-08-20,-0.7622063755989075
1080,2018-08-21,-0.3862118050456047
1081,2018-08-22,-0.43512678146362305
1082,2018-08-23,0.04832872748374939
1083,2018-08-24,-0.016849035397171974
1084,2018-08-25,-0.026822485961019993
1085,2018-08-27,-0.07720448821783066
1086,2018-08-28,0.08803461802502473
1087,2018-08-29,-0.27928654414912063
1088,2018-08-30,-0.6870435476303101
1089,2018-08-31,0.4886729419231415
1090,2018-09-02,-0.00849887728691101
1091,2018-09-04,0.06858701010545094
1092,2018-09-05,-0.3214009657502174
1093,2018-09-06,-0.4352305606007576
1094,2018-09-07,-0.056689308335383735
1095,2018-09-11,-0.9315246939659119
1096,2018-09-12,0.12060430645942688
1097,2018-09-13,0.5665324926376343
1098,2018-09-15,-0.410455584526062
1099,2018-09-17,0.49432373046875
1100,2018-09-18,-0.9118391275405884
1101,2018-09-19,0.1277388110756874
1102,2018-09-20,-0.312837652862072
1103,2018-09-21,0.7437495589256287
1104,2018-09-22,-0.39212873578071594
1105,2018-09-24,-0.45758356526494026
1106,2018-09-25,0.11703038526078065
1107,2018-09-26,0.08836719393730164
1108,2018-09-27,0.8564144968986511
1109,2018-09-28,-0.8455851972103119
1110,2018-09-30,-0.9461744427680969
1111,2018-10-01,-0.06774404644966125
1112,2018-10-02,0.3871152549982071
1113,2018-10-03,0.16612763702869415
1114,2018-10-04,-0.019203414519627888
1115,2018-10-05,0.03217548690736294
1116,2018-10-08,-0.23069265335798264
1117,2018-10-09,-0.6131570339202881
1118,2018-10-10,-0.01106463372707367
1119,2018-10-11,-0.39190920690695447
1120,2018-10-12,-0.7849870026111603
1121,2018-10-15,-0.44040942192077637
1122,2018-10-16,-0.06596128456294537
1123,2018-10-17,-0.7177698016166687
1124,2018-10-19,-0.2252854686230421
1125,2018-10-21,0.08936284482479095
1126,2018-10-22,-0.3740532547235489
1127,2018-10-23,0.13900183141231537
1128,2018-10-24,-0.12050606062014897
1129,2018-10-25,0.3477339446544647
1130,2018-10-26,-0.7873722314834595
1131,2018-10-29,-0.310254480689764
1132,2018-10-30,-0.4267079879840215
1133,2018-10-31,-0.3546198606491089
1134,2018-11-02,0.11052493005990982
1135,2018-11-05,-0.45643699169158936
1136,2018-11-06,-0.39978761970996857
1137,2018-11-07,-0.90699303150177
1138,2018-11-08,-0.19915437698364258
1139,2018-11-12,0.10803043842315674
1140,2018-11-13,0.05323883891105652
1141,2018-11-14,-0.15668287749091783
1142,2018-11-15,0.4233253027002017
1143,2018-11-16,-0.6660054624080658
1144,2018-11-19,-0.523452453315258
1145,2018-11-21,-0.3600946112225453
1146,2018-11-22,-0.3134990632534027
1147,2018-11-23,0.013061027973890305
1148,2018-11-26,-0.8364988565444946
1149,2018-11-27,-0.1830786932259798
1150,2018-11-28,-0.23434310406446457
1151,2018-11-29,-0.24876943230628967
1152,2018-11-30,-0.34664009138941765
1153,2018-12-03,0.2938489504158497
1154,2018-12-05,-0.6184046740333239
1155,2018-12-06,0.008928461000323296
1156,2018-12-07,0.2796006500720978
1157,2018-12-10,-0.43016226030886173
1158,2018-12-11,0.24997158348560333
1159,2018-12-12,-0.8518918752670288
1160,2018-12-13,-0.4104683759311835
1161,2018-12-14,-0.023579448461532593
1162,2018-12-17,-0.1377488672733307
1163,2018-12-19,-0.44578397274017334
1164,2018-12-20,-0.9532073736190796
1165,2018-12-21,-0.4508792068809271
1166,2018-12-24,-0.6085381805896759
1167,2018-12-26,0.8317793011665344
1168,2018-12-27,-0.8810251951217651
1169,2018-12-28,-0.3381136308113734
1170,2018-12-29,0.050026096403598785
1171,2018-12-31,0.03861914575099945
1172,2019-01-01,0.051451146602630615
1173,2019-01-03,-0.8691255450248718
1174,2019-01-04,0.14625854790210724
1175,2019-01-07,-0.24621042609214783
1176,2019-01-08,0.408971194177866
1177,2019-01-09,-0.40659116208553314
1178,2019-01-10,0.02672605589032173
1179,2019-01-14,-0.8174108862876892
1180,2019-01-15,0.04878498800098896
1181,2019-01-17,-0.4961354359984398
1182,2019-01-18,-0.8050665557384491
1183,2019-01-20,0.07118415832519531
1184,2019-01-23,-0.07322682440280914
1185,2019-01-24,-0.20557361965378126
1186,2019-01-25,0.6940372586250305
1187,2019-01-28,0.05445454269647598
1188,2019-01-29,0.014864344149827957
1189,2019-01-30,-0.23886119127273558
1190,2019-01-31,-0.36735721429189044
1191,2019-02-01,-0.406957504649957
1192,2019-02-04,-0.030928606167435646
1193,2019-02-06,-0.5423183441162109
1194,2019-02-07,-0.06766995787620544
1195,2019-02-08,0.12018022499978542
1196,2019-02-12,0.11608865857124329
1197,2019-02-13,-0.1743663102388382
1198,2019-02-14,0.14054639637470245
1199,2019-02-18,0.06743450462818146
1200,2019-02-19,-0.11860650839904945
1201,2019-02-20,0.07956057041883469
1202,2019-02-22,-0.4557669162750244
1203,2019-02-23,-0.5163702368736267
1204,2019-02-25,0.0709286481142044
1205,2019-02-27,-0.25719092786312103
1206,2019-02-28,-0.06050582602620125
1207,2019-03-01,-0.48273116908967495
1208,2019-03-05,-0.20330512523651123
1209,2019-03-06,0.22632383555173874
1210,2019-03-08,0.02089720591902733
1211,2019-03-11,0.04049025475978851
1212,2019-03-12,0.07546027563512325
1213,2019-03-13,-0.527207762002945
1214,2019-03-14,-0.5345174685120583
1215,2019-03-15,-0.14213116466999054
1216,2019-03-18,-0.86060631275177
1217,2019-03-19,-0.4338166614373525
1218,2019-03-21,0.09586457908153534
1219,2019-03-26,0.10756881535053253
1220,2019-03-27,-0.6199353933334351
1221,2019-03-28,-0.6825760900974274
1222,2019-03-29,-0.46015265583992004
1223,2019-03-31,-0.2493770271539688
1224,2019-04-01,-0.8382184505462646
1225,2019-04-02,-0.19221378862857819
1226,2019-04-03,-0.14013035967946053
1227,2019-04-04,0.09531563520431519
1228,2019-04-05,-0.009863797575235367
1229,2019-04-08,0.10794328525662422
1230,2019-04-09,0.2522028684616089
1231,2019-04-10,0.704007089138031
1232,2019-04-12,-0.274535208940506
1233,2019-04-15,-0.4406919367611408
1234,2019-04-16,0.09693754464387894
1235,2019-04-17,0.12778155505657196
1236,2019-04-18,-0.4059467166662216
1237,2019-04-19,-0.0786520391702652
1238,2019-04-22,-0.020589258521795273
1239,2019-04-23,0.5568313424785932
1240,2019-04-24,-0.0264604389667511
1241,2019-04-25,-0.2794792205095291
1242,2019-04-26,-0.7622480690479279
1243,2019-04-30,0.35843612626194954
1244,2019-05-02,-0.35583048313856125
1245,2019-05-03,0.028294160962104797
1246,2019-05-06,-0.829214870929718
1247,2019-05-07,-0.44553951639682055
1248,2019-05-08,0.04801913537085056
1249,2019-05-09,-0.17431901395320892
1250,2019-05-10,-0.9040282368659973
1251,2019-05-13,-0.34872859716415405
1252,2019-05-14,-0.3727489709854126
1253,2019-05-15,-0.0018268302083015442
1254,2019-05-16,-0.7257403135299683
1255,2019-05-17,0.032976698130369186
1256,2019-05-20,-0.6619387269020081
1257,2019-05-23,-0.3708830904215574
1258,2019-05-24,-0.5515143536031246
1259,2019-05-26,0.006873831152915955
1260,2019-05-31,-0.48288581892848015
1261,2019-06-03,0.12410186448444922
1262,2019-06-04,-0.09833648428320885
1263,2019-06-05,0.01930917054414749
1264,2019-06-06,0.00011895038187503815
1265,2019-06-07,-0.8015744984149933
1266,2019-06-10,0.05385822057723999
1267,2019-06-11,-0.3603431358933449
1268,2019-06-12,-0.7157093286514282
1269,2019-06-13,-0.25241019142170745
1270,2019-06-14,0.7690251469612122
1271,2019-06-17,0.07763358950614929
1272,2019-06-18,0.40268878638744354
1273,2019-06-19,-0.22424264252185822
1274,2019-06-20,0.35591012239456177
1275,2019-06-24,-0.3072763780752818
1276,2019-06-25,-0.07456856686621904
1277,2019-06-26,-0.7986591458320618
1278,2019-06-27,-0.7505158185958862
1279,2019-06-28,0.394914835691452
1280,2019-07-02,-0.8526803851127625
1281,2019-07-04,-0.1036369651556015
1282,2019-07-08,-0.04219044744968414
1283,2019-07-09,0.03139676246792078
1284,2019-07-10,0.13778918515890837
1285,2019-07-11,-0.26469044014811516
1286,2019-07-12,0.45155441015958786
1287,2019-07-15,-0.1045574036737283
1288,2019-07-16,-0.1691467296332121
1289,2019-07-17,-0.3529544472694397
1290,2019-07-18,-0.1953684389591217
1291,2019-07-19,-0.9641766548156738
1292,2019-07-22,0.14654910564422607
1293,2019-07-23,0.06842379768689473
1294,2019-07-24,0.3531604930758476
1295,2019-07-25,0.46929579973220825
1296,2019-07-26,-0.1076323613524437
1297,2019-07-30,-0.8159207701683044
1298,2019-07-31,0.12456654012203217
1299,2019-08-01,-0.1555446982383728
1300,2019-08-02,0.01928691379725933
1301,2019-08-05,0.4954889714717865
1302,2019-08-06,-0.8534770607948303
1303,2019-08-08,-0.41644809395074844
1304,2019-08-09,0.03316400945186615
1305,2019-08-13,-0.23683031524221101
1306,2019-08-14,0.12817774713039398
1307,2019-08-15,-0.586047038435936
1308,2019-08-19,-0.05290613075097402
1309,2019-08-20,-0.31727043315768244
1310,2019-08-22,-0.2822219394147396
1311,2019-08-23,-0.013396184891462326
1312,2019-08-27,0.3539961874485016
1313,2019-08-28,-0.23274293541908264
1314,2019-08-29,0.17851407825946808
1315,2019-08-30,-0.7428917288780212
1316,2019-09-03,0.14933522045612335
1317,2019-09-04,-0.2171732299029827
1318,2019-09-05,-0.04845887670914332
1319,2019-09-06,0.015668079257011414
1320,2019-09-09,-0.010366003960371017
1321,2019-09-10,0.0859505832195282
1322,2019-09-11,-0.09614809975028038
1323,2019-09-12,0.041773952543735504
1324,2019-09-13,-0.09065483324229717
1325,2019-09-16,-0.43743475526571274
1326,2019-09-17,0.08233872801065445
1327,2019-09-18,0.15178918838500977
1328,2019-09-20,0.0015031564980745316
1329,2019-09-23,-0.31022994592785835
1330,2019-09-25,0.039855889355142914
1331,2019-09-27,0.02134156972169876
1332,2019-09-29,-0.18660247325897217
1333,2019-09-30,-0.26898808777332306
1334,2019-10-01,-0.8433239758014679
1335,2019-10-02,0.2969154343008995
1336,2019-10-03,-0.340469092130661
1337,2019-10-04,-0.933398962020874
1338,2019-10-07,-0.8902528285980225
1339,2019-10-08,0.0027019319434960685
1340,2019-10-09,-0.005862485617399216
1341,2019-10-11,-0.3775956302881241
1342,2019-10-13,-0.6314963698387146
1343,2019-10-14,0.08176075667142868
1344,2019-10-15,-0.30898610812922317
1345,2019-10-17,0.1984404573837916
1346,2019-10-18,0.19053034484386444
1347,2019-10-21,-0.6850290298461914
1348,2019-10-22,-0.09723153958717982
1349,2019-10-23,0.06836972137292226
1350,2019-10-24,0.07219989597797394
1351,2019-10-25,0.1340504139661789
1352,2019-10-28,-0.7877438068389893
1353,2019-10-29,0.016284801065921783
1354,2019-10-30,-0.12713083252310753
1355,2019-11-01,-0.339957308024168
1356,2019-11-04,0.3107464909553528
1357,2019-11-06,-0.23803341910243034
1358,2019-11-08,0.029528677463531494
1359,2019-11-09,-0.8160150051116943
1360,2019-11-12,-0.3832830712199211
1361,2019-11-13,-0.7970813512802124
1362,2019-11-14,-0.4173814430832863
1363,2019-11-15,0.3015696108341217
1364,2019-11-19,-0.02578778937458992
1365,2019-11-20,0.05087137967348099
1366,2019-11-21,-0.09197129309177399
1367,2019-11-22,0.03436765819787979
1368,2019-11-25,0.08509251475334167
1369,2019-11-26,0.10838447511196136
1370,2019-12-01,-0.20310842990875244
1371,2019-12-02,0.44559013843536377
1372,2019-12-03,-0.3335620341822505
1373,2019-12-04,0.33142468333244324
1374,2019-12-05,-0.2805614247918129
1375,2019-12-06,-0.44322946667671204
1376,2019-12-09,0.3703416995704174
1377,2019-12-10,0.011135712265968323
1378,2019-12-11,0.1254883756240209
1379,2019-12-12,-0.07285303249955177
1380,2019-12-17,0.1157064214348793
1381,2019-12-18,0.608215942978859
1382,2019-12-19,0.00614253431558609
1383,2019-12-20,-0.7980988621711731
1384,2019-12-23,0.054765455424785614
1385,2019-12-25,0.022471826523542404
1386,2019-12-27,-0.9542664289474487
1387,2019-12-30,-0.08682149648666382
1388,2019-12-31,0.2014814019203186
1389,2020-01-07,-0.769240140914917
1390,2020-01-09,0.007832491770386696
1391,2020-01-10,-0.8064623475074768
1392,2020-01-13,0.03984367102384567
1393,2020-01-14,0.0543964896351099
1394,2020-01-15,0.9065386056900024
1395,2020-01-16,-0.7403326034545898
1396,2020-01-20,0.046592339873313904
1397,2020-01-21,0.29269748119016487
1398,2020-01-22,0.3634943962097168
1399,2020-01-23,0.7352597713470459
1400,2020-01-24,0.09112543861071269
1401,2020-01-27,0.30718326568603516
1402,2020-01-28,0.0538833017150561
1403,2020-01-29,0.19605992455035448
1404,2020-01-30,-0.9332605302333832
1405,2020-01-31,-0.07195667922496796
1406,2020-02-03,-0.08812945708632469
1407,2020-02-07,-0.4654310969635844
1408,2020-02-08,0.12143527716398239
1409,2020-02-09,-0.14629268646240234
1410,2020-02-11,-0.22433561955889067
1411,2020-02-12,0.1784476488828659
1412,2020-02-13,-0.30875423550605774
1413,2020-02-14,-0.03004460036754608
1414,2020-02-16,0.03578375652432442
1415,2020-02-18,-0.7553420662879944
1416,2020-02-19,-0.2369370386004448
1417,2020-02-21,0.16895859315991402
1418,2020-02-27,-0.32647097017616034
1419,2020-03-02,-0.9066992998123169
1420,2020-03-03,-0.6909899115562439
1421,2020-03-04,-0.051516410894691944
1422,2020-03-05,-0.37011557817459106
1423,2020-03-06,-0.46327300866444904
1424,2020-03-09,-0.3408909793943167
1425,2020-03-10,0.20365096628665924
1426,2020-03-12,-0.3166031762957573
1427,2020-03-13,0.01649181731045246
1428,2020-03-17,0.05989445745944977
1429,2020-03-18,0.10104119777679443
1430,2020-03-19,-0.5906742513179779
1431,2020-03-20,-0.18070222437381744
1432,2020-03-23,-0.24700821936130524
1433,2020-03-24,-0.24084023386240005
1434,2020-03-25,-0.18400556687265635
1435,2020-03-26,0.011555016040802002
1436,2020-03-30,-0.9318939447402954
1437,2020-04-02,0.1173015758395195
1438,2020-04-04,-0.46107280254364014
1439,2020-04-06,0.05613332986831665
1440,2020-04-07,0.06068922206759453
1441,2020-04-09,0.42242372035980225
1442,2020-04-12,0.03351440280675888
1443,2020-04-15,-0.8538182973861694
1444,2020-04-16,-0.41447069123387337
1445,2020-04-17,-0.2610996253788471
1446,2020-04-19,0.14164111018180847
1447,2020-04-20,-0.17619533836841583
1448,2020-04-21,0.18124226232369742
1449,2020-04-22,0.7092853784561157
1450,2020-04-23,0.04014691710472107
1451,2020-04-24,0.021107375621795654
1452,2020-04-27,0.0423688180744648
1453,2020-04-28,-0.17778002470731735
1454,2020-04-29,0.5385832836230596
1455,2020-04-30,-0.4340065270662308
1456,2020-05-01,-0.9422042369842529
1457,2020-05-04,0.0493728406727314
1458,2020-05-05,0.10203774273395538
1459,2020-05-07,0.0016708532348275185
1460,2020-05-08,0.04298447445034981
1461,2020-05-12,-0.1699435164531072
1462,2020-05-13,0.8851411938667297
1463,2020-05-14,0.00435832142829895
1464,2020-05-15,-0.35954808878401917
1465,2020-05-16,-0.5295460919539133
1466,2020-05-18,0.017969058826565742
1467,2020-05-19,0.17273660376667976
1468,2020-05-20,0.2125246711075306
1469,2020-05-21,-0.6402835249900818
1470,2020-05-23,-0.6093234419822693
1471,2020-05-24,0.00418391078710556
1472,2020-05-27,-0.012263921399911245
1473,2020-05-28,-0.23802076578140258
1474,2020-06-01,-0.7708737254142761
1475,2020-06-02,0.024282395839691162
1476,2020-06-03,-0.15621558825174967
1477,2020-06-04,-0.318051815032959
1478,2020-06-05,-0.8889449238777161
1479,2020-06-06,0.03320950269699097
1480,2020-06-09,-0.3774658963084221
1481,2020-06-10,0.9237540364265442
1482,2020-06-11,0.11548170819878578
1483,2020-06-12,-0.45824877731502056
1484,2020-06-13,0.24455976486206055
1485,2020-06-15,0.029368708841502666
1486,2020-06-16,0.3357156701385975
1487,2020-06-17,0.16840693913400173
1488,2020-06-18,-0.7026529312133789
1489,2020-06-19,-0.09218284487724304
1490,2020-06-22,-0.02904289774596691
1491,2020-06-23,-0.29834262530008954
1492,2020-06-24,0.050702232867479324
1493,2020-06-25,-0.3542672172188759
1494,2020-06-26,-0.32648879129971775
1495,2020-06-27,-0.12058708816766739
1496,2020-06-28,-0.7223175168037415
1497,2020-06-29,-0.6027479376643896
1498,2020-06-30,-0.041453950107097626
1499,2020-07-01,0.37605112642049787
1500,2020-07-02,-0.3134823301807046
1501,2020-07-03,-0.4515407954653104
1502,2020-07-06,-0.20083679631352425
1503,2020-07-07,-0.3575863942503929
1504,2020-07-08,-0.7410474419593811
1505,2020-07-09,-0.005770552903413773
1506,2020-07-10,-0.16411948576569557
1507,2020-07-11,0.033906690776348114
1508,2020-07-13,0.41264746338129044
1509,2020-07-14,0.3124752938747406
1510,2020-07-15,0.380842175334692
1511,2020-07-16,-0.579918310046196
1512,2020-07-17,-0.6333093643188477
1513,2020-07-18,-0.9578696489334106
1514,2020-07-21,-0.23144304752349854
1515,2020-07-22,-0.16844409704208374
1516,2020-07-23,0.4371872792641322
1517,2020-07-24,-0.5776385217905045
1518,2020-07-25,-0.2684667110443115
1519,2020-07-26,-0.7600695490837097
1520,2020-07-27,-0.06493028998374939
1521,2020-07-28,0.7989407181739807
1522,2020-07-29,0.037138812243938446
1523,2020-07-30,0.22165647000074387
1524,2020-07-31,-0.3634327660713877
1525,2020-08-01,-0.06388304630915324
1526,2020-08-03,0.009516576305031776
1527,2020-08-05,0.403650164604187
1528,2020-08-06,-0.6418931232765317
1529,2020-08-07,0.01979223887125651
1530,2020-08-08,0.041786082088947296
1531,2020-08-10,-0.4032767042517662
1532,2020-08-11,-0.19229891896247864
1533,2020-08-12,0.042850181460380554
1534,2020-08-14,-0.4388510286808014
1535,2020-08-15,-0.17355018854141235
1536,2020-08-16,-0.2269981950521469
1537,2020-08-17,-0.11428610980510712
1538,2020-08-18,-0.6239690184593201
1539,2020-08-19,-0.9344110488891602
1540,2020-08-20,-0.061596820751825966
1541,2020-08-21,-0.22682956978678703
1542,2020-08-22,-0.10391414165496826
1543,2020-08-24,0.5221561938524246
1544,2020-08-25,0.23109280318021774
1545,2020-08-26,-0.5532141551375389
1546,2020-08-28,-0.46859024576842784
1547,2020-08-29,-0.9227206707000732
1548,2020-08-31,-0.6005853861570358
1549,2020-09-01,-0.577182394762834
1550,2020-09-03,-0.720915111899376
1551,2020-09-04,-0.380352146923542
1552,2020-09-09,-0.8397979140281677
1553,2020-09-10,0.056331902742385864
1554,2020-09-11,-0.24060851335525513
1555,2020-09-13,-0.7337483763694763
1556,2020-09-14,0.16539095838864645
1557,2020-09-15,-0.18869913617769876
1558,2020-09-16,0.08639567904174328
1559,2020-09-17,0.062235210090875626
1560,2020-09-18,-0.45111140608787537
1561,2020-09-19,0.09091430902481079
1562,2020-09-21,-0.8401492238044739
1563,2020-09-22,0.21842103203137717
1564,2020-09-23,-0.09216787293553352
1565,2020-09-24,-0.2806933596730232
1566,2020-09-25,-0.7991833686828613
1567,2020-09-29,0.07085561007261276
1568,2020-09-30,-0.0725189670920372
1569,2020-10-01,0.23396350583061576
1570,2020-10-02,-0.026487665250897408
1571,2020-10-03,-0.9570228457450867
1572,2020-10-04,-0.36789456009864807
1573,2020-10-06,-0.04840166121721268
1574,2020-10-07,-0.5067172795534134
1575,2020-10-08,0.9037275314331055
1576,2020-10-12,0.35395780205726624
1577,2020-10-13,0.05507732555270195
1578,2020-10-14,-0.015126854181289673
1579,2020-10-15,-0.5557550216714541
1580,2020-10-16,-0.8367957472801208
1581,2020-10-17,0.8630890846252441
1582,2020-10-20,-0.15647057443857193
1583,2020-10-21,-0.6324500689903895
1584,2020-10-22,-0.34731807839125395
1585,2020-10-23,-0.1228884058073163
1586,2020-10-25,-0.266289621591568
1587,2020-10-26,0.022113041952252388
1588,2020-10-27,-0.03073199987411499
1589,2020-10-28,-0.33555514365434647
1590,2020-10-29,0.3379911780357361
1591,2020-10-30,0.42640745639801025
1592,2020-10-31,-0.18016371130943298
1593,2020-11-02,0.03206401318311691
1594,2020-11-03,0.05203510820865631
1595,2020-11-04,-0.5714332461357117
1596,2020-11-05,0.02545303851366043
1597,2020-11-06,0.4198390021920204
1598,2020-11-10,-0.15225836634635925
1599,2020-11-11,-0.01887851022183895
1600,2020-11-12,0.48236799612641335
1601,2020-11-13,0.3057943880558014
1602,2020-11-16,0.26053646206855774
1603,2020-11-17,-0.02718490920960903
1604,2020-11-18,-0.2263803482055664
1605,2020-11-19,-0.901145875453949
1606,2020-11-25,0.6228631138801575
1607,2020-11-27,0.1451946124434471
1608,2020-11-28,0.029901748523116112
1609,2020-11-30,0.7046293020248413
1610,2020-12-01,-0.02859469410032034
1611,2020-12-02,-0.6166346669197083
1612,2020-12-03,-0.9168619513511658
1613,2020-12-08,-0.3494808077812195
1614,2020-12-09,-0.6978564448654652
1615,2020-12-10,0.20108595490455627
1616,2020-12-14,-0.28930802643299103
1617,2020-12-15,-0.0995582640171051
1618,2020-12-16,-0.7079192300637563
1619,2020-12-17,-0.8831114768981934
1620,2020-12-22,0.4138779640197754
1621,2020-12-24,0.7779739499092102
1622,2020-12-30,-0.42477869987487793
1623,2021-01-02,0.23251289129257202
1624,2021-01-03,-0.7757789492607117
1625,2021-01-04,0.14648360013961792
1626,2021-01-06,-0.7960299849510193
1627,2021-01-07,-0.3088426776230335
1628,2021-01-08,-0.8385962843894958
1629,2021-01-09,-0.4523104131221771
1630,2021-01-11,-0.2080021279398352
1631,2021-01-12,-0.5462739318609238
1632,2021-01-13,-0.4322786992415786
1633,2021-01-15,-0.37228066474199295
1634,2021-01-16,-0.44200071319937706
1635,2021-01-17,0.07647871971130371
1636,2021-01-19,0.3104938417673111
1637,2021-01-20,0.2424728386104107
1638,2021-01-21,-0.7935376465320587
1639,2021-01-22,-0.6828117966651917
1640,2021-01-25,0.46383970975875854
1641,2021-01-26,0.04185111075639725
1642,2021-01-27,-0.11140894144773483
1643,2021-01-28,-0.3631693944334984
1644,2021-01-29,0.37400490045547485
1645,2021-02-01,-0.6551236510276794
1646,2021-02-03,0.13423548638820648
1647,2021-02-04,-0.1313774585723877
1648,2021-02-10,0.800000011920929
1649,2021-02-12,0.00538819283246994
1650,2021-02-13,-0.9037408232688904
1651,2021-02-16,-0.0246112123131752
1652,2021-02-17,-0.3744326941668987
1653,2021-02-18,-0.909303605556488
1654,2021-02-19,0.6344090700149536
1655,2021-02-20,-0.6559292078018188
1656,2021-02-22,-0.21040387451648712
1657,2021-02-23,-0.5025622844696045
1658,2021-02-24,0.0771219531695048
1659,2021-02-25,0.041448161005973816
1660,2021-02-26,0.7115719616413116
1661,2021-02-28,0.06560571491718292
1662,2021-03-01,0.0488131158053875
1663,2021-03-02,-0.9442937970161438
1664,2021-03-03,-0.30609791229168576
1665,2021-03-04,0.34476909041404724
1666,2021-03-05,-0.01779930293560028
1667,2021-03-09,0.04246531426906586
1668,2021-03-10,0.1866953708231449
1669,2021-03-15,0.018909351900219917
1670,2021-03-16,-0.46183115243911743
1671,2021-03-18,0.03816825523972511
1672,2021-03-19,-0.08053947240114212
1673,2021-03-20,0.03684880957007408
1674,2021-03-24,-0.008466307073831558
1675,2021-03-25,0.03059719316661358
1676,2021-03-26,-0.00666441023349762
1677,2021-03-28,0.8386533260345459
1678,2021-03-29,0.5513293445110321
1679,2021-03-30,-0.37369948625564575
1680,2021-03-31,-0.10794040560722351
1681,2021-04-03,-0.5691095590591431
1682,2021-04-05,0.20158139243721962
1683,2021-04-06,-0.14825990796089172
1684,2021-04-07,0.052648164331912994
1685,2021-04-09,-0.7804778218269348
1686,2021-04-12,0.3837171792984009
1687,2021-04-13,0.01172111431757609
1688,2021-04-15,0.10006475821137428
1689,2021-04-16,0.07195248827338219
1690,2021-04-18,0.5131012201309204
1691,2021-04-19,0.14594246447086334
1692,2021-04-20,0.07006224244832993
1693,2021-04-21,0.023379921913146973
1694,2021-04-22,-0.8064866662025452
1695,2021-04-23,0.31153516347209614
1696,2021-04-26,0.8739704489707947
1697,2021-04-27,0.00536344014108181
1698,2021-04-28,0.35305893421173096
1699,2021-04-29,0.6080310940742493
1700,2021-04-30,0.7866470217704773
1701,2021-05-02,0.18928392231464386
1702,2021-05-03,0.4337260853499174
1703,2021-05-05,-0.16566017270088196
1704,2021-05-07,0.05371009558439255
1705,2021-05-09,-0.8981272578239441
1706,2021-05-10,-0.8121205270290375
1707,2021-05-11,-0.7259436547756195
1708,2021-05-13,-0.17305684089660645
1709,2021-05-14,-0.5388731360435486
1710,2021-05-15,-0.2772578001022339
1711,2021-05-16,0.24472664296627045
1712,2021-05-17,-0.3704134672880173
1713,2021-05-18,-0.04241662037869295
1714,2021-05-19,0.3056940659880638
1715,2021-05-20,-0.7802899479866028
1716,2021-05-21,-0.8079507946968079
1717,2021-05-24,0.3646164834499359
1718,2021-05-26,-0.6689126044511795
1719,2021-05-27,-0.23822555070122084
1720,2021-05-28,0.05371009558439255
1721,2021-06-02,0.08030704408884048
1722,2021-06-03,-0.2512752376496792
1723,2021-06-04,-0.2949825090666612
1724,2021-06-06,-0.025073856115341187
1725,2021-06-07,-0.5365283075564852
1726,2021-06-09,0.137080161832273
1727,2021-06-10,-0.050211984664201736
1728,2021-06-11,0.37526893119017285
1729,2021-06-15,-0.0382916247472167
1730,2021-06-16,0.10936764627695084
1731,2021-06-17,0.13507994264364243
1732,2021-06-19,-0.02588089182972908
1733,2021-06-21,0.046374037861824036
1734,2021-06-22,0.13977710902690887
1735,2021-06-24,-0.04289941489696503
1736,2021-06-25,-0.8670810461044312
1737,2021-06-28,0.4784753645459811
1738,2021-06-29,0.12377467627326648
1739,2021-07-01,0.334264250472188
1740,2021-07-02,0.09398627032836278
1741,2021-07-05,-0.8195949792861938
1742,2021-07-07,-0.6090215593576431
1743,2021-07-08,-0.007947072386741638
1744,2021-07-09,-0.1872883290052414
1745,2021-07-11,0.4285524785518646
1746,2021-07-12,-0.39799465239048004
1747,2021-07-14,-0.7001965045928955
1748,2021-07-15,-0.1765039563179016
1749,2021-07-17,-0.8360974788665771
1750,2021-07-19,-0.7080509066581726
1751,2021-07-20,-0.0002768076956272125
1752,2021-07-22,-0.06608128547668457
1753,2021-07-23,0.029837872833013535
1754,2021-07-24,0.1573251187801361
1755,2021-07-26,0.336485522488753
1756,2021-07-27,0.4710202068090439
1757,2021-07-28,-0.4214496985077858
1758,2021-07-29,-0.6996010690927505
1759,2021-07-31,0.017876818776130676
1760,2021-08-02,0.22013553977012634
1761,2021-08-03,-0.24725177139043808
1762,2021-08-04,-0.414681613445282
1763,2021-08-05,-0.4523988664150238
1764,2021-08-06,0.4003940224647522
1765,2021-08-09,-0.33194416761398315
1766,2021-08-10,-0.4398083295673132
1767,2021-08-13,-0.8542545437812805
1768,2021-08-15,-0.6846840381622314
1769,2021-08-16,0.04318419098854065
1770,2021-08-17,-0.09102115035057068
1771,2021-08-18,0.5577374398708344
1772,2021-08-19,-0.22463707129160562
1773,2021-08-20,-0.003467082977294922
1774,2021-08-21,-0.06566740572452545
1775,2021-08-23,-0.5181986689567566
1776,2021-08-24,-0.4511503279209137
1777,2021-08-25,-0.44034405378624797
1778,2021-08-26,-0.0009782711664835613
1779,2021-08-28,-0.0022121984511613846
1780,2021-08-31,-0.3510853350162506
1781,2021-09-01,-0.8738551735877991
1782,2021-09-02,-0.45563919842243195
1783,2021-09-03,0.8745273947715759
1784,2021-09-07,-0.19063563831150532
1785,2021-09-08,0.1580503284931183
1786,2021-09-09,0.04085033945739269
1787,2021-09-10,-0.362742081284523
1788,2021-09-13,-0.17673122882843018
1789,2021-09-14,-0.664147824048996
1790,2021-09-15,-0.503747284412384
1791,2021-09-16,-0.33637312799692154
1792,2021-09-17,-0.4447027090936899
1793,2021-09-18,0.056040793657302856
1794,2021-09-21,0.32601848244667053
1795,2021-09-22,-0.4068215067187945
1796,2021-09-23,0.763062596321106
1797,2021-09-24,-0.23223605131109556
1798,2021-09-25,0.4915657937526703
1799,2021-09-27,-0.16188962757587433
1800,2021-09-28,0.02245635787645976
1801,2021-09-29,0.14201119542121887
1802,2021-09-30,-0.7356417179107666
1803,2021-10-01,0.35311630368232727
1804,2021-10-02,0.8477405309677124
1805,2021-10-04,-0.7165300582225124
1806,2021-10-05,-0.2286705275376638
1807,2021-10-06,0.004125533004601796
1808,2021-10-08,0.8121124505996704
1809,2021-10-11,-0.1665219043691953
1810,2021-10-12,-0.24075549840927124
1811,2021-10-13,0.20992373302578926
1812,2021-10-14,0.3615116775035858
1813,2021-10-15,-0.38775327367087203
1814,2021-10-16,0.009769942611455917
1815,2021-10-18,-0.313249796628952
1816,2021-10-19,-0.031225111335515976
1817,2021-10-20,0.40925273299217224
1818,2021-10-21,-0.21995451697148383
1819,2021-10-22,-0.7036017328500748
1820,2021-10-23,-0.01882597804069519
1821,2021-10-25,-0.21189036752496446
1822,2021-10-26,-0.34360774233937263
1823,2021-10-27,-0.5807703919708729
1824,2021-10-28,0.11890946993870395
1825,2021-10-29,-0.20256439112126828
1826,2021-10-30,-0.004757361486554146
1827,2021-11-01,0.004839271306991577
1828,2021-11-02,-0.04141854345798492
1829,2021-11-04,0.13202372193336487
1830,2021-11-07,0.06150769690672556
1831,2021-11-08,0.7348328034083048
1832,2021-11-09,-0.10572400316596031
1833,2021-11-10,-0.16713489964604378
1834,2021-11-14,-0.07286272197961807
1835,2021-11-16,0.011976644396781921
1836,2021-11-18,-0.06836171448230743
1837,2021-11-19,-0.8499529957771301
1838,2021-11-21,0.02102707326412201
1839,2021-11-22,-0.5254842638969421
1840,2021-11-24,-0.4431978166103363
1841,2021-11-26,-0.0035863183438777924
1842,2021-11-29,-0.6155719757080078
1843,2021-11-30,-0.09789836406707764
1844,2021-12-01,-0.0961520125468572
1845,2021-12-02,-0.5645572543144226
1846,2021-12-08,-0.0951717309653759
1847,2021-12-09,0.20646275021135807
1848,2021-12-10,0.39259085059165955
1849,2021-12-11,0.13308843411505222
1850,2021-12-14,0.4059898667037487
1851,2021-12-15,0.04159342870116234
1852,2021-12-16,0.8571867346763611
1853,2021-12-17,-0.6601797044277191
1854,2021-12-20,-0.29573994874954224
1855,2021-12-21,-0.25199925899505615
1856,2021-12-22,-0.7977904081344604
1857,2021-12-23,-0.2252388084307313
1858,2021-12-27,0.35882962867617607
1859,2021-12-28,0.691997230052948
1860,2021-12-29,-0.08699847509463628
1861,2021-12-30,-0.07560829818248749
